INSERT INTO public.team (team_id, name, code, logo) VALUES (779, 'FC Rostov', '', 'https://www.api-football.com/public/teams/779.png') ON CONFLICT (team_id) DO NOTHING;
INSERT INTO public.team (team_id, name, code, logo) VALUES (529, 'Barcelona', null, null) ON CONFLICT (team_id) DO NOTHING;
INSERT INTO public.team (team_id, name, code, logo) VALUES (530, 'Atletico Madrid', null, null)  ON CONFLICT (team_id) DO NOTHING;
INSERT INTO public.team (team_id, name, code, logo) VALUES (532, 'Valencia', null, null)  ON CONFLICT (team_id) DO NOTHING;
INSERT INTO public.team (team_id, name, code, logo) VALUES (539, 'Levante', null, null)  ON CONFLICT (team_id) DO NOTHING;
INSERT INTO public.team (team_id, name, code, logo) VALUES (541, 'Real Madrid', null, null)  ON CONFLICT (team_id) DO NOTHING;
INSERT INTO public.team (team_id, name, code, logo) VALUES (159, 'Hertha Berlin', null, null)  ON CONFLICT (team_id) DO NOTHING;
INSERT INTO public.team (team_id, name, code, logo) VALUES (545, 'Eibar', null, null) ON CONFLICT (team_id) DO NOTHING;
INSERT INTO public.team (team_id, name, code, logo) VALUES (33, 'Manchester United', null, null) ON CONFLICT (team_id) DO NOTHING;
INSERT INTO public.team (team_id, name, code, logo) VALUES (161, 'VfL Wolfsburg', null, null) ON CONFLICT (team_id) DO NOTHING;
INSERT INTO public.team (team_id, name, code, logo) VALUES (164, 'FSV Mainz 05', null, null) ON CONFLICT (team_id) DO NOTHING;
INSERT INTO public.team (team_id, name, code, logo) VALUES (165, 'Borussia Dortmund', null, null) ON CONFLICT (team_id) DO NOTHING;
INSERT INTO public.team (team_id, name, code, logo) VALUES (38, 'Watford', null, null) ON CONFLICT (team_id) DO NOTHING;
INSERT INTO public.team (team_id, name, code, logo) VALUES (1063, 'Saint Etienne', null, null) ON CONFLICT (team_id) DO NOTHING;
INSERT INTO public.team (team_id, name, code, logo) VALUES (167, '1899 Hoffenheim', null, null) ON CONFLICT (team_id) DO NOTHING;
INSERT INTO public.team (team_id, name, code, logo) VALUES (40, 'Liverpool', null, null) ON CONFLICT (team_id) DO NOTHING;
INSERT INTO public.team (team_id, name, code, logo) VALUES (41, 'Southampton', null, null) ON CONFLICT (team_id) DO NOTHING;
INSERT INTO public.team (team_id, name, code, logo) VALUES (555, 'CSKA Moscow', '', 'https://www.api-football.com/public/teams/555.png') ON CONFLICT (team_id) DO NOTHING;
INSERT INTO public.team (team_id, name, code, logo) VALUES (45, 'Everton', null, null) ON CONFLICT (team_id) DO NOTHING;
INSERT INTO public.team (team_id, name, code, logo) VALUES (173, 'RB Leipzig', null, null) ON CONFLICT (team_id) DO NOTHING;
INSERT INTO public.team (team_id, name, code, logo) VALUES (558, 'Spartak Moscow', '', 'https://www.api-football.com/public/teams/558.png') ON CONFLICT (team_id) DO NOTHING;
INSERT INTO public.team (team_id, name, code, logo) VALUES (46, 'Leicester', null, null) ON CONFLICT (team_id) DO NOTHING;
INSERT INTO public.team (team_id, name, code, logo) VALUES (174, 'FC Schalke 04', null, null) ON CONFLICT (team_id) DO NOTHING;
INSERT INTO public.team (team_id, name, code, logo) VALUES (47, 'Tottenham', null, null) ON CONFLICT (team_id) DO NOTHING;
INSERT INTO public.team (team_id, name, code, logo) VALUES (48, 'West Ham', null, null) ON CONFLICT (team_id) DO NOTHING;
INSERT INTO public.team (team_id, name, code, logo) VALUES (49, 'Chelsea', null, null) ON CONFLICT (team_id) DO NOTHING;
INSERT INTO public.team (team_id, name, code, logo) VALUES (50, 'Manchester City', null, null) ON CONFLICT (team_id) DO NOTHING;
INSERT INTO public.team (team_id, name, code, logo) VALUES (51, 'Brighton', null, null) ON CONFLICT (team_id) DO NOTHING;
INSERT INTO public.team (team_id, name, code, logo) VALUES (52, 'Crystal Palace', null, null) ON CONFLICT (team_id) DO NOTHING;
INSERT INTO public.team (team_id, name, code, logo) VALUES (1077, 'Arsenal Tula', '', 'https://www.api-football.com/public/teams/1077.png') ON CONFLICT (team_id) DO NOTHING;
INSERT INTO public.team (team_id, name, code, logo) VALUES (1078, 'FC UFA', '', 'https://www.api-football.com/public/teams/1078.png') ON CONFLICT (team_id) DO NOTHING;
INSERT INTO public.team (team_id, name, code, logo) VALUES (1079, 'Krylya Sovetov', '', 'https://www.api-football.com/public/teams/1079.png') ON CONFLICT (team_id) DO NOTHING;
INSERT INTO public.team (team_id, name, code, logo) VALUES (1080, 'Orenburg', '', 'https://www.api-football.com/public/teams/1080.png') ON CONFLICT (team_id) DO NOTHING;
INSERT INTO public.team (team_id, name, code, logo) VALUES (1083, 'Rubin', '', 'https://www.api-football.com/public/teams/1083.png') ON CONFLICT (team_id) DO NOTHING;
INSERT INTO public.team (team_id, name, code, logo) VALUES (1084, 'Ural', '', 'https://www.api-football.com/public/teams/1084.png') ON CONFLICT (team_id) DO NOTHING;
INSERT INTO public.team (team_id, name, code, logo) VALUES (1085, 'Akhmat Grozny', '', 'https://www.api-football.com/public/teams/1085.png') ON CONFLICT (team_id) DO NOTHING;
INSERT INTO public.team (team_id, name, code, logo) VALUES (1088, 'Dinamo Moscow', '', 'https://www.api-football.com/public/teams/1088.png') ON CONFLICT (team_id) DO NOTHING;
INSERT INTO public.team (team_id, name, code, logo) VALUES (77, 'Angers', null, null) ON CONFLICT (team_id) DO NOTHING;
INSERT INTO public.team (team_id, name, code, logo) VALUES (78, 'Bordeaux', null, null) ON CONFLICT (team_id) DO NOTHING;
INSERT INTO public.team (team_id, name, code, logo) VALUES (80, 'Lyon', null, null) ON CONFLICT (team_id) DO NOTHING;
INSERT INTO public.team (team_id, name, code, logo) VALUES (83, 'Nantes', null, null) ON CONFLICT (team_id) DO NOTHING;
INSERT INTO public.team (team_id, name, code, logo) VALUES (596, 'Zenit Saint Petersburg', '', 'https://www.api-football.com/public/teams/596.png') ON CONFLICT (team_id) DO NOTHING;
INSERT INTO public.team (team_id, name, code, logo) VALUES (597, 'Lokomotiv Moscow', '', 'https://www.api-football.com/public/teams/597.png') ON CONFLICT (team_id) DO NOTHING;
INSERT INTO public.team (team_id, name, code, logo) VALUES (85, 'Paris Saint Germain', null, null) ON CONFLICT (team_id) DO NOTHING;
INSERT INTO public.team (team_id, name, code, logo) VALUES (89, 'Dijon', null, null) ON CONFLICT (team_id) DO NOTHING;
INSERT INTO public.team (team_id, name, code, logo) VALUES (91, 'Monaco', null, null) ON CONFLICT (team_id) DO NOTHING;
INSERT INTO public.team (team_id, name, code, logo) VALUES (93, 'Reims', null, null) ON CONFLICT (team_id) DO NOTHING;
INSERT INTO public.team (team_id, name, code, logo) VALUES (95, 'Strasbourg', null, null) ON CONFLICT (team_id) DO NOTHING;
INSERT INTO public.team (team_id, name, code, logo) VALUES (96, 'Toulouse', null, null) ON CONFLICT (team_id) DO NOTHING;
INSERT INTO public.team (team_id, name, code, logo) VALUES (621, 'Krasnodar', '', 'https://www.api-football.com/public/teams/621.png') ON CONFLICT (team_id) DO NOTHING;
INSERT INTO public.competitor_leon (competitor_id, name, logo) VALUES (281474976887552, 'Оренбург', 'https://cdn.leon.ru/SC/leonru/config_logos/orenburg.png') ON CONFLICT (competitor_id) DO NOTHING;
INSERT INTO public.competitor_leon (competitor_id, name, logo) VALUES (1143492093379978, 'Ахмат Грозный', 'https://cdn.leon.ru/SC/leonru/config_logos/Akhmat_Grozny.png') ON CONFLICT (competitor_id) DO NOTHING;
INSERT INTO public.competitor_leon (competitor_id, name, logo) VALUES (281474976720792, 'Манчестер Сити', 'https://cdn.leon.ru/SC/leonru/config_logos/city_resize-2.png') ON CONFLICT (competitor_id) DO NOTHING;
INSERT INTO public.competitor_leon (competitor_id, name, logo) VALUES (281474976720799, 'Эвертон', 'https://cdn.leon.ru/SC/leonru/config_logos/Everton.png') ON CONFLICT (competitor_id) DO NOTHING;
INSERT INTO public.competitor_leon (competitor_id, name, logo) VALUES (281474976804127, 'Барселона', 'https://cdn.leon.ru/SC/leonru/config_logos/barcelona-2-4.png') ON CONFLICT (competitor_id) DO NOTHING;
INSERT INTO public.competitor_leon (competitor_id, name, logo) VALUES (281474976811808, 'Зенит', 'https://cdn.leon.ru/SC/leonru/config_logos/zenit-1.png') ON CONFLICT (competitor_id) DO NOTHING;
INSERT INTO public.competitor_leon (competitor_id, name, logo) VALUES (281474976833057, 'Тоттенхэм Хотспур', 'https://cdn.leon.ru/SC/leonru/config_logos/tottenham-hotspur-1.png') ON CONFLICT (competitor_id) DO NOTHING;
INSERT INTO public.competitor_leon (competitor_id, name, logo) VALUES (281474976818470, 'Сент-Этьен', null) ON CONFLICT (competitor_id) DO NOTHING;
INSERT INTO public.competitor_leon (competitor_id, name, logo) VALUES (281474976720807, 'Вест Хэм Юнайтед', 'https://cdn.leon.ru/SC/leonru/config_logos/wes%20ham_resize.png') ON CONFLICT (competitor_id) DO NOTHING;
INSERT INTO public.competitor_leon (competitor_id, name, logo) VALUES (1143492092930605, 'Шальке-04', 'https://cdn.leon.ru/SC/leonru/config_logos/33.png') ON CONFLICT (competitor_id) DO NOTHING;
INSERT INTO public.competitor_leon (competitor_id, name, logo) VALUES (281474976833066, 'Тулуза', 'https://cdn.leon.ru/SC/leonru/config_logos/Toulouse_FC_logo.svg.png') ON CONFLICT (competitor_id) DO NOTHING;
INSERT INTO public.competitor_leon (competitor_id, name, logo) VALUES (281474976720813, 'Герта Берлин', null) ON CONFLICT (competitor_id) DO NOTHING;
INSERT INTO public.competitor_leon (competitor_id, name, logo) VALUES (281474976720812, 'Боруссия Дортмунд', 'https://cdn.leon.ru/SC/leonru/config_logos/download%20(1)-1.png') ON CONFLICT (competitor_id) DO NOTHING;
INSERT INTO public.competitor_leon (competitor_id, name, logo) VALUES (281474976720942, 'Атлетико Мадрид', 'https://cdn.leon.ru/SC/leonru/config_logos/atletico_resize.png') ON CONFLICT (competitor_id) DO NOTHING;
INSERT INTO public.competitor_leon (competitor_id, name, logo) VALUES (281474976793777, 'Дижон', 'https://cdn.leon.ru/SC/leonru/config_logos/dijon-min.png') ON CONFLICT (competitor_id) DO NOTHING;
INSERT INTO public.competitor_leon (competitor_id, name, logo) VALUES (281474976720944, 'Леванте', 'https://cdn.leon.ru/SC/leonru/config_logos/levante.png') ON CONFLICT (competitor_id) DO NOTHING;
INSERT INTO public.competitor_leon (competitor_id, name, logo) VALUES (281474976720818, 'Вольфсбург', 'https://cdn.leon.ru/SC/leonru/config_logos/VfL_Wolfsburg_Logo_wei%C3%83%C2%9F.svg.png') ON CONFLICT (competitor_id) DO NOTHING;
INSERT INTO public.competitor_leon (competitor_id, name, logo) VALUES (281474976720954, 'Бордо', 'https://cdn.leon.ru/SC/leonru/config_logos/Bordeaux-min.png') ON CONFLICT (competitor_id) DO NOTHING;
INSERT INTO public.competitor_leon (competitor_id, name, logo) VALUES (281474976720959, 'Монако', 'https://cdn.leon.ru/SC/leonru/config_logos/monaco.png') ON CONFLICT (competitor_id) DO NOTHING;
INSERT INTO public.competitor_leon (competitor_id, name, logo) VALUES (281474976720841, 'Уотфорд', 'https://cdn.leon.ru/SC/leonru/config_logos/watford.png') ON CONFLICT (competitor_id) DO NOTHING;
INSERT INTO public.competitor_leon (competitor_id, name, logo) VALUES (281474976836685, 'ПСЖ', 'https://cdn.leon.ru/SC/leonru/config_logos/PSG-2.png') ON CONFLICT (competitor_id) DO NOTHING;
INSERT INTO public.competitor_leon (competitor_id, name, logo) VALUES (281474976720844, 'Саутгемптон', 'https://cdn.leon.ru/SC/leonru/config_logos/southempton.png') ON CONFLICT (competitor_id) DO NOTHING;
INSERT INTO public.competitor_leon (competitor_id, name, logo) VALUES (281474976828241, 'Локомотив', 'https://cdn.leon.ru/SC/leonru/config_logos/FC_Lokomotiv-1.png') ON CONFLICT (competitor_id) DO NOTHING;
INSERT INTO public.competitor_leon (competitor_id, name, logo) VALUES (281474976836689, 'Страсбур', 'https://cdn.leon.ru/SC/leonru/config_logos/strasbourg-min%20(1).png') ON CONFLICT (competitor_id) DO NOTHING;
INSERT INTO public.competitor_leon (competitor_id, name, logo) VALUES (281474976818258, 'Спартак Москва', 'https://cdn.leon.ru/SC/leonru/config_logos/FC_Spartak_Moscow_logo.png') ON CONFLICT (competitor_id) DO NOTHING;
INSERT INTO public.competitor_leon (competitor_id, name, logo) VALUES (281474977211220, 'РБ Лейпциг', 'https://cdn.leon.ru/SC/leonru/config_logos/rb%20leipzig.png') ON CONFLICT (competitor_id) DO NOTHING;
INSERT INTO public.competitor_leon (competitor_id, name, logo) VALUES (281474976720850, 'Кристал Пэлас', 'https://cdn.leon.ru/SC/leonru/config_logos/kristal.png') ON CONFLICT (competitor_id) DO NOTHING;
INSERT INTO public.competitor_leon (competitor_id, name, logo) VALUES (281474976720725, 'Ливерпуль', 'https://cdn.leon.ru/SC/leonru/config_logos/liverpool_resize.png') ON CONFLICT (competitor_id) DO NOTHING;
INSERT INTO public.competitor_leon (competitor_id, name, logo) VALUES (281474976834645, 'Валенсия', 'https://cdn.leon.ru/SC/leonru/config_logos/Valencia.png') ON CONFLICT (competitor_id) DO NOTHING;
INSERT INTO public.competitor_leon (competitor_id, name, logo) VALUES (1143492092956499, 'Рубин Казань', 'https://cdn.leon.ru/SC/leonru/config_logos/orig.png') ON CONFLICT (competitor_id) DO NOTHING;
INSERT INTO public.competitor_leon (competitor_id, name, logo) VALUES (281474976829526, 'Нант', 'https://cdn.leon.ru/SC/leonru/config_logos/nantes-min.png') ON CONFLICT (competitor_id) DO NOTHING;
INSERT INTO public.competitor_leon (competitor_id, name, logo) VALUES (281474976821974, 'Анже', 'https://cdn.leon.ru/SC/leonru/config_logos/angers-min.png') ON CONFLICT (competitor_id) DO NOTHING;
INSERT INTO public.competitor_leon (competitor_id, name, logo) VALUES (281474976793815, 'Динамо Москва', 'https://cdn.leon.ru/SC/leonru/config_logos/Dinamo.png') ON CONFLICT (competitor_id) DO NOTHING;
INSERT INTO public.competitor_leon (competitor_id, name, logo) VALUES (281474976819031, 'Урал', 'https://cdn.leon.ru/SC/leonru/config_logos/ural.png') ON CONFLICT (competitor_id) DO NOTHING;
INSERT INTO public.competitor_leon (competitor_id, name, logo) VALUES (281474976720857, 'Лестер Сити', 'https://cdn.leon.ru/SC/leonru/config_logos/leicester.png') ON CONFLICT (competitor_id) DO NOTHING;
INSERT INTO public.competitor_leon (competitor_id, name, logo) VALUES (281474977423440, 'Арсенал Тула', 'https://cdn.leon.ru/SC/leonru/config_logos/Arsenal-tula.png') ON CONFLICT (competitor_id) DO NOTHING;
INSERT INTO public.competitor_leon (competitor_id, name, logo) VALUES (281474977212899, 'Уфа', 'https://cdn.leon.ru/SC/leonru/config_logos/fc-ufa.png') ON CONFLICT (competitor_id) DO NOTHING;
INSERT INTO public.competitor_leon (competitor_id, name, logo) VALUES (281474976831590, 'Реймс', 'https://cdn.leon.ru/SC/leonru/config_logos/fc-reyms-logo.png') ON CONFLICT (competitor_id) DO NOTHING;
INSERT INTO public.competitor_leon (competitor_id, name, logo) VALUES (281474976829035, 'Майнц 05', 'https://cdn.leon.ru/SC/leonru/config_logos/FSV-Mainz-05-Wetten-Tipp.png') ON CONFLICT (competitor_id) DO NOTHING;
INSERT INTO public.competitor_leon (competitor_id, name, logo) VALUES (281474976825069, 'Эйбар', 'https://cdn.leon.ru/SC/leonru/config_logos/Eibar.png') ON CONFLICT (competitor_id) DO NOTHING;
INSERT INTO public.competitor_leon (competitor_id, name, logo) VALUES (281474976720751, 'Лион', 'https://cdn.leon.ru/SC/leonru/config_logos/Lyon.png') ON CONFLICT (competitor_id) DO NOTHING;
INSERT INTO public.competitor_leon (competitor_id, name, logo) VALUES (281474976812784, 'Челси', 'https://cdn.leon.ru/SC/leonru/config_logos/chelsea.png') ON CONFLICT (competitor_id) DO NOTHING;
INSERT INTO public.competitor_leon (competitor_id, name, logo) VALUES (281474976720881, 'Брайтон энд Хоув Альбион', 'https://cdn.leon.ru/SC/leonru/config_logos/brighton-and-hove-albion-100x100_resize.png') ON CONFLICT (competitor_id) DO NOTHING;
INSERT INTO public.competitor_leon (competitor_id, name, logo) VALUES (281474976831858, 'Ахмат', 'https://cdn.leon.ru/SC/leonru/config_logos/Akhmat_Grozny.png') ON CONFLICT (competitor_id) DO NOTHING;
INSERT INTO public.competitor_leon (competitor_id, name, logo) VALUES (281474976828018, 'Крылья Советов', 'https://cdn.leon.ru/SC/leonru/config_logos/18.png') ON CONFLICT (competitor_id) DO NOTHING;
INSERT INTO public.competitor_leon (competitor_id, name, logo) VALUES (281474976720755, 'ЦСКА', 'https://cdn.leon.ru/SC/leonru/config_logos/cska.png') ON CONFLICT (competitor_id) DO NOTHING;
INSERT INTO public.competitor_leon (competitor_id, name, logo) VALUES (281474976816630, 'Рубин', 'https://cdn.leon.ru/SC/leonru/config_logos/orig.png') ON CONFLICT (competitor_id) DO NOTHING;
INSERT INTO public.competitor_leon (competitor_id, name, logo) VALUES (281474976720761, 'Манчестер Юнайтед', 'https://cdn.leon.ru/SC/leonru/config_logos/Manchester_United_FC_crest.svg.png') ON CONFLICT (competitor_id) DO NOTHING;
INSERT INTO public.competitor_leon (competitor_id, name, logo) VALUES (281474976816505, 'Ростов', 'https://cdn.leon.ru/SC/leonru/config_logos/rostov.png') ON CONFLICT (competitor_id) DO NOTHING;
INSERT INTO public.competitor_leon (competitor_id, name, logo) VALUES (281474976720762, 'Реал Мадрид', 'https://cdn.leon.ru/SC/leonru/config_logos/RealMadrid.png') ON CONFLICT (competitor_id) DO NOTHING;
INSERT INTO public.competitor_leon (competitor_id, name, logo) VALUES (281474977183227, 'Краснодар', 'https://cdn.leon.ru/SC/leonru/config_logos/fc-krasnodar.png') ON CONFLICT (competitor_id) DO NOTHING;
INSERT INTO public.competitor_leon (competitor_id, name, logo) VALUES (281474976795391, 'Хоффенхайм', 'https://cdn.leon.ru/SC/leonru/config_logos/Hoffenheim_logo.svg.png') ON CONFLICT (competitor_id) DO NOTHING;
INSERT INTO public.team_bridge (id, team_id, competitor_id) VALUES (18631, 621, 281474977183227) ON CONFLICT (id) DO NOTHING;
INSERT INTO public.team_bridge (id, team_id, competitor_id) VALUES (18632, 1080, 281474976887552) ON CONFLICT (id) DO NOTHING;
INSERT INTO public.team_bridge (id, team_id, competitor_id) VALUES (18633, 1083, 281474976816630) ON CONFLICT (id) DO NOTHING;
INSERT INTO public.team_bridge (id, team_id, competitor_id) VALUES (18634, 1084, 281474976819031) ON CONFLICT (id) DO NOTHING;
INSERT INTO public.team_bridge (id, team_id, competitor_id) VALUES (18640, 1088, 281474976793815) ON CONFLICT (id) DO NOTHING;
INSERT INTO public.team_bridge (id, team_id, competitor_id) VALUES (18645, 596, 281474976811808) ON CONFLICT (id) DO NOTHING;
INSERT INTO public.team_bridge (id, team_id, competitor_id) VALUES (18630, 1077, 281474977423440) ON CONFLICT (id) DO NOTHING;
INSERT INTO public.team_bridge (id, team_id, competitor_id) VALUES (18646, 1085, 281474976831858) ON CONFLICT (id) DO NOTHING;
INSERT INTO public.team_bridge (id, team_id, competitor_id) VALUES (18647, 1085, 1143492093379978) ON CONFLICT (id) DO NOTHING;
INSERT INTO public.team_bridge (id, team_id, competitor_id) VALUES (18648, 1083, 1143492092956499) ON CONFLICT (id) DO NOTHING;
INSERT INTO public.team_bridge (id, team_id, competitor_id) VALUES (18649, 597, 281474976828241) ON CONFLICT (id) DO NOTHING;
INSERT INTO public.team_bridge (id, team_id, competitor_id) VALUES (18650, 555, 281474976720755) ON CONFLICT (id) DO NOTHING;
INSERT INTO public.team_bridge (id, team_id, competitor_id) VALUES (18651, 1079, 281474976828018) ON CONFLICT (id) DO NOTHING;
INSERT INTO public.team_bridge (id, team_id, competitor_id) VALUES (18652, 558, 281474976818258) ON CONFLICT (id) DO NOTHING;
INSERT INTO public.team_bridge (id, team_id, competitor_id) VALUES (18653, 779, 281474976816505) ON CONFLICT (id) DO NOTHING;
INSERT INTO public.team_bridge (id, team_id, competitor_id) VALUES (18654, 78, 281474976720954) ON CONFLICT (id) DO NOTHING;
INSERT INTO public.team_bridge (id, team_id, competitor_id) VALUES (18655, 80, 281474976720751) ON CONFLICT (id) DO NOTHING;
INSERT INTO public.team_bridge (id, team_id, competitor_id) VALUES (18656, 541, 281474976720762) ON CONFLICT (id) DO NOTHING;
INSERT INTO public.team_bridge (id, team_id, competitor_id) VALUES (18657, 545, 281474976825069) ON CONFLICT (id) DO NOTHING;
INSERT INTO public.team_bridge (id, team_id, competitor_id) VALUES (18658, 532, 281474976834645) ON CONFLICT (id) DO NOTHING;
INSERT INTO public.team_bridge (id, team_id, competitor_id) VALUES (18659, 529, 281474976804127) ON CONFLICT (id) DO NOTHING;
INSERT INTO public.team_bridge (id, team_id, competitor_id) VALUES (18660, 530, 281474976720942) ON CONFLICT (id) DO NOTHING;
INSERT INTO public.team_bridge (id, team_id, competitor_id) VALUES (18661, 539, 281474976720944) ON CONFLICT (id) DO NOTHING;
INSERT INTO public.team_bridge (id, team_id, competitor_id) VALUES (18662, 46, 281474976720857) ON CONFLICT (id) DO NOTHING;
INSERT INTO public.team_bridge (id, team_id, competitor_id) VALUES (18663, 51, 281474976720881) ON CONFLICT (id) DO NOTHING;
INSERT INTO public.team_bridge (id, team_id, competitor_id) VALUES (18664, 45, 281474976720799) ON CONFLICT (id) DO NOTHING;
INSERT INTO public.team_bridge (id, team_id, competitor_id) VALUES (18665, 41, 281474976720844) ON CONFLICT (id) DO NOTHING;
INSERT INTO public.team_bridge (id, team_id, competitor_id) VALUES (18666, 52, 281474976720850) ON CONFLICT (id) DO NOTHING;
INSERT INTO public.team_bridge (id, team_id, competitor_id) VALUES (18667, 33, 281474976720761) ON CONFLICT (id) DO NOTHING;
INSERT INTO public.team_bridge (id, team_id, competitor_id) VALUES (18668, 49, 281474976812784) ON CONFLICT (id) DO NOTHING;
INSERT INTO public.team_bridge (id, team_id, competitor_id) VALUES (18669, 47, 281474976833057) ON CONFLICT (id) DO NOTHING;
INSERT INTO public.team_bridge (id, team_id, competitor_id) VALUES (18670, 40, 281474976720725) ON CONFLICT (id) DO NOTHING;
INSERT INTO public.team_bridge (id, team_id, competitor_id) VALUES (18671, 38, 281474976720841) ON CONFLICT (id) DO NOTHING;
INSERT INTO public.team_bridge (id, team_id, competitor_id) VALUES (18672, 50, 281474976720792) ON CONFLICT (id) DO NOTHING;
INSERT INTO public.team_bridge (id, team_id, competitor_id) VALUES (18673, 48, 281474976720807) ON CONFLICT (id) DO NOTHING;
INSERT INTO public.team_bridge (id, team_id, competitor_id) VALUES (18674, 173, 281474977211220) ON CONFLICT (id) DO NOTHING;
INSERT INTO public.team_bridge (id, team_id, competitor_id) VALUES (18675, 161, 281474976720818) ON CONFLICT (id) DO NOTHING;
INSERT INTO public.team_bridge (id, team_id, competitor_id) VALUES (18676, 167, 281474976795391) ON CONFLICT (id) DO NOTHING;
INSERT INTO public.team_bridge (id, team_id, competitor_id) VALUES (18677, 159, 281474976720813) ON CONFLICT (id) DO NOTHING;
INSERT INTO public.team_bridge (id, team_id, competitor_id) VALUES (18678, 165, 281474976720812) ON CONFLICT (id) DO NOTHING;
INSERT INTO public.team_bridge (id, team_id, competitor_id) VALUES (18679, 164, 281474976829035) ON CONFLICT (id) DO NOTHING;
INSERT INTO public.team_bridge (id, team_id, competitor_id) VALUES (18680, 174, 1143492092930605) ON CONFLICT (id) DO NOTHING;
INSERT INTO public.team_bridge (id, team_id, competitor_id) VALUES (18681, 85, 281474976836685) ON CONFLICT (id) DO NOTHING;
INSERT INTO public.team_bridge (id, team_id, competitor_id) VALUES (18682, 96, 281474976833066) ON CONFLICT (id) DO NOTHING;
INSERT INTO public.team_bridge (id, team_id, competitor_id) VALUES (18683, 93, 281474976831590) ON CONFLICT (id) DO NOTHING;
INSERT INTO public.team_bridge (id, team_id, competitor_id) VALUES (18684, 95, 281474976836689) ON CONFLICT (id) DO NOTHING;
INSERT INTO public.team_bridge (id, team_id, competitor_id) VALUES (18685, 91, 281474976720959) ON CONFLICT (id) DO NOTHING;
INSERT INTO public.team_bridge (id, team_id, competitor_id) VALUES (18686, 89, 281474976793777) ON CONFLICT (id) DO NOTHING;
INSERT INTO public.team_bridge (id, team_id, competitor_id) VALUES (18687, 77, 281474976821974) ON CONFLICT (id) DO NOTHING;
INSERT INTO public.team_bridge (id, team_id, competitor_id) VALUES (18688, 83, 281474976829526) ON CONFLICT (id) DO NOTHING;
INSERT INTO public.team_bridge (id, team_id, competitor_id) VALUES (18689, 1063, 281474976818470) ON CONFLICT (id) DO NOTHING;
